RR Interval [ms],Time
775.390625,2019-11-06 10:27:23.145
769.53125,2019-11-06 10:27:23.915
777.34375,2019-11-06 10:27:24.692
775.390625,2019-11-06 10:27:25.468
750.0,2019-11-06 10:27:26.218
750.0,2019-11-06 10:27:26.968
717.7734375,2019-11-06 10:27:27.685
707.03125,2019-11-06 10:27:28.392
746.09375,2019-11-06 10:27:29.138
769.53125,2019-11-06 10:27:29.908
742.1875,2019-11-06 10:27:30.650
750.0,2019-11-06 10:27:31.400
779.296875,2019-11-06 10:27:32.179
768.5546875,2019-11-06 10:27:32.948
764.6484375,2019-11-06 10:27:33.713
809.5703125,2019-11-06 10:27:34.522
791.015625,2019-11-06 10:27:35.313
740.234375,2019-11-06 10:27:36.053
744.140625,2019-11-06 10:27:36.798
779.296875,2019-11-06 10:27:37.577
780.2734375,2019-11-06 10:27:38.357
750.9765625,2019-11-06 10:27:39.108
783.203125,2019-11-06 10:27:39.891
815.4296875,2019-11-06 10:27:40.707
758.7890625,2019-11-06 10:27:41.466
775.390625,2019-11-06 10:27:42.241
769.53125,2019-11-06 10:27:43.010
718.75,2019-11-06 10:27:43.729
724.609375,2019-11-06 10:27:44.454
772.4609375,2019-11-06 10:27:45.226
781.25,2019-11-06 10:27:46.008
744.140625,2019-11-06 10:27:46.752
777.34375,2019-11-06 10:27:47.529
809.5703125,2019-11-06 10:27:48.339
748.046875,2019-11-06 10:27:49.087
750.0,2019-11-06 10:27:49.837
769.53125,2019-11-06 10:27:50.606
753.90625,2019-11-06 10:27:51.360
719.7265625,2019-11-06 10:27:52.080
747.0703125,2019-11-06 10:27:52.827
805.6640625,2019-11-06 10:27:53.633
821.2890625,2019-11-06 10:27:54.454
768.5546875,2019-11-06 10:27:55.222
776.3671875,2019-11-06 10:27:55.999
753.90625,2019-11-06 10:27:56.753
735.3515625,2019-11-06 10:27:57.488
767.578125,2019-11-06 10:27:58.256
803.7109375,2019-11-06 10:27:59.059
796.875,2019-11-06 10:27:59.856
781.25,2019-11-06 10:28:00.637
793.9453125,2019-11-06 10:28:01.431
743.1640625,2019-11-06 10:28:02.175
725.5859375,2019-11-06 10:28:02.900
758.7890625,2019-11-06 10:28:03.659
775.390625,2019-11-06 10:28:04.434
740.234375,2019-11-06 10:28:05.175
752.9296875,2019-11-06 10:28:05.927
777.34375,2019-11-06 10:28:06.705
795.8984375,2019-11-06 10:28:07.501
756.8359375,2019-11-06 10:28:08.258
776.3671875,2019-11-06 10:28:09.034
800.78125,2019-11-06 10:28:09.835
730.46875,2019-11-06 10:28:10.565
741.2109375,2019-11-06 10:28:11.306
771.484375,2019-11-06 10:28:12.078
758.7890625,2019-11-06 10:28:12.837
738.28125,2019-11-06 10:28:13.575
763.671875,2019-11-06 10:28:14.339
785.15625,2019-11-06 10:28:15.124
754.8828125,2019-11-06 10:28:15.879
737.3046875,2019-11-06 10:28:16.616
739.2578125,2019-11-06 10:28:17.355
708.984375,2019-11-06 10:28:18.064
702.1484375,2019-11-06 10:28:18.766
711.9140625,2019-11-06 10:28:19.478
711.9140625,2019-11-06 10:28:20.190
707.03125,2019-11-06 10:28:20.897
667.96875,2019-11-06 10:28:21.565
674.8046875,2019-11-06 10:28:22.240
729.4921875,2019-11-06 10:28:22.969
764.6484375,2019-11-06 10:28:23.734
706.0546875,2019-11-06 10:28:24.440
685.546875,2019-11-06 10:28:25.126
701.171875,2019-11-06 10:28:25.827
736.328125,2019-11-06 10:28:26.563
750.0,2019-11-06 10:28:27.313
735.3515625,2019-11-06 10:28:28.049
690.4296875,2019-11-06 10:28:28.739
679.6875,2019-11-06 10:28:29.419
704.1015625,2019-11-06 10:28:30.123
692.3828125,2019-11-06 10:28:30.815
711.9140625,2019-11-06 10:28:31.527
727.5390625,2019-11-06 10:28:32.255
784.1796875,2019-11-06 10:28:33.039
771.484375,2019-11-06 10:28:33.810
769.53125,2019-11-06 10:28:34.580
791.9921875,2019-11-06 10:28:35.372
759.765625,2019-11-06 10:28:36.132
695.3125,2019-11-06 10:28:36.827
699.21875,2019-11-06 10:28:37.526
701.171875,2019-11-06 10:28:38.227
722.65625,2019-11-06 10:28:38.950
740.234375,2019-11-06 10:28:39.690
738.28125,2019-11-06 10:28:40.428
711.9140625,2019-11-06 10:28:41.140
719.7265625,2019-11-06 10:28:41.860
729.4921875,2019-11-06 10:28:42.590
721.6796875,2019-11-06 10:28:43.311
710.9375,2019-11-06 10:28:44.022
736.328125,2019-11-06 10:28:44.759
772.4609375,2019-11-06 10:28:45.531
802.734375,2019-11-06 10:28:46.334
772.4609375,2019-11-06 10:28:47.106
784.1796875,2019-11-06 10:28:47.890
828.125,2019-11-06 10:28:48.718
890.625,2019-11-06 10:28:49.609
810.546875,2019-11-06 10:28:50.420
774.4140625,2019-11-06 10:28:51.194
768.5546875,2019-11-06 10:28:51.963
778.3203125,2019-11-06 10:28:52.741
724.609375,2019-11-06 10:28:53.466
718.75,2019-11-06 10:28:54.184
742.1875,2019-11-06 10:28:54.927
812.5,2019-11-06 10:28:55.739
788.0859375,2019-11-06 10:28:56.527
776.3671875,2019-11-06 10:28:57.303
776.3671875,2019-11-06 10:28:58.080
731.4453125,2019-11-06 10:28:58.811
717.7734375,2019-11-06 10:28:59.529
737.3046875,2019-11-06 10:29:00.266
762.6953125,2019-11-06 10:29:01.029
768.5546875,2019-11-06 10:29:01.798
733.3984375,2019-11-06 10:29:02.531
771.484375,2019-11-06 10:29:03.302
783.203125,2019-11-06 10:29:04.086
739.2578125,2019-11-06 10:29:04.825
709.9609375,2019-11-06 10:29:05.535
728.515625,2019-11-06 10:29:06.263
750.0,2019-11-06 10:29:07.013
739.2578125,2019-11-06 10:29:07.753
729.4921875,2019-11-06 10:29:08.482
740.234375,2019-11-06 10:29:09.222
765.625,2019-11-06 10:29:09.988
733.3984375,2019-11-06 10:29:10.721
711.9140625,2019-11-06 10:29:11.433
730.46875,2019-11-06 10:29:12.164
765.625,2019-11-06 10:29:12.929
735.3515625,2019-11-06 10:29:13.665
731.4453125,2019-11-06 10:29:14.396
771.484375,2019-11-06 10:29:15.168
790.0390625,2019-11-06 10:29:15.958
740.234375,2019-11-06 10:29:16.698
730.46875,2019-11-06 10:29:17.428
741.2109375,2019-11-06 10:29:18.170
765.625,2019-11-06 10:29:18.935
734.375,2019-11-06 10:29:19.670
744.140625,2019-11-06 10:29:20.414
767.578125,2019-11-06 10:29:21.181
803.7109375,2019-11-06 10:29:21.985
770.5078125,2019-11-06 10:29:22.756
754.8828125,2019-11-06 10:29:23.510
758.7890625,2019-11-06 10:29:24.269
745.1171875,2019-11-06 10:29:25.014
758.7890625,2019-11-06 10:29:25.773
754.8828125,2019-11-06 10:29:26.528
734.375,2019-11-06 10:29:27.262
703.125,2019-11-06 10:29:27.966
714.84375,2019-11-06 10:29:28.680
730.46875,2019-11-06 10:29:29.411
724.609375,2019-11-06 10:29:30.135
708.984375,2019-11-06 10:29:30.844
703.125,2019-11-06 10:29:31.548
681.640625,2019-11-06 10:29:32.229
671.875,2019-11-06 10:29:32.901
719.7265625,2019-11-06 10:29:33.621
746.09375,2019-11-06 10:29:34.367
703.125,2019-11-06 10:29:35.070
690.4296875,2019-11-06 10:29:35.760
686.5234375,2019-11-06 10:29:36.447
695.3125,2019-11-06 10:29:37.142
721.6796875,2019-11-06 10:29:37.864
741.2109375,2019-11-06 10:29:38.605
740.234375,2019-11-06 10:29:39.345
713.8671875,2019-11-06 10:29:40.059
710.9375,2019-11-06 10:29:40.770
714.84375,2019-11-06 10:29:41.485
695.3125,2019-11-06 10:29:42.180
675.78125,2019-11-06 10:29:42.856
678.7109375,2019-11-06 10:29:43.535
699.21875,2019-11-06 10:29:44.234
727.5390625,2019-11-06 10:29:44.962
724.609375,2019-11-06 10:29:45.686
735.3515625,2019-11-06 10:29:46.422
747.0703125,2019-11-06 10:29:47.169
761.71875,2019-11-06 10:29:47.930
709.9609375,2019-11-06 10:29:48.640
706.0546875,2019-11-06 10:29:49.346
714.84375,2019-11-06 10:29:50.061
719.7265625,2019-11-06 10:29:50.781
707.03125,2019-11-06 10:29:51.488
743.1640625,2019-11-06 10:29:52.231
760.7421875,2019-11-06 10:29:52.992
766.6015625,2019-11-06 10:29:53.759
726.5625,2019-11-06 10:29:54.485
734.375,2019-11-06 10:29:55.219
747.0703125,2019-11-06 10:29:55.967
720.703125,2019-11-06 10:29:56.687
687.5,2019-11-06 10:29:57.375
670.8984375,2019-11-06 10:29:58.046
655.2734375,2019-11-06 10:29:58.701
665.0390625,2019-11-06 10:29:59.366
756.8359375,2019-11-06 10:30:00.123
750.9765625,2019-11-06 10:30:00.874
716.796875,2019-11-06 10:30:01.591
728.515625,2019-11-06 10:30:02.319
745.1171875,2019-11-06 10:30:03.064
742.1875,2019-11-06 10:30:03.806
710.9375,2019-11-06 10:30:04.517
710.9375,2019-11-06 10:30:05.228
763.671875,2019-11-06 10:30:05.992
819.3359375,2019-11-06 10:30:06.811
758.7890625,2019-11-06 10:30:07.570
740.234375,2019-11-06 10:30:08.310
760.7421875,2019-11-06 10:30:09.071
760.7421875,2019-11-06 10:30:09.832
723.6328125,2019-11-06 10:30:10.555
737.3046875,2019-11-06 10:30:11.293
755.859375,2019-11-06 10:30:12.049
796.875,2019-11-06 10:30:12.845
774.4140625,2019-11-06 10:30:13.620
761.71875,2019-11-06 10:30:14.382
790.0390625,2019-11-06 10:30:15.172
757.8125,2019-11-06 10:30:15.929
766.6015625,2019-11-06 10:30:16.696
766.6015625,2019-11-06 10:30:17.463
746.09375,2019-11-06 10:30:18.209
713.8671875,2019-11-06 10:30:18.923
718.75,2019-11-06 10:30:19.641
727.5390625,2019-11-06 10:30:20.369
749.0234375,2019-11-06 10:30:21.118
705.078125,2019-11-06 10:30:21.823
694.3359375,2019-11-06 10:30:22.517
708.984375,2019-11-06 10:30:23.226
744.140625,2019-11-06 10:30:23.970
762.6953125,2019-11-06 10:30:24.733
776.3671875,2019-11-06 10:30:25.510
735.3515625,2019-11-06 10:30:26.245
710.9375,2019-11-06 10:30:26.956
681.640625,2019-11-06 10:30:27.637
662.109375,2019-11-06 10:30:28.300
648.4375,2019-11-06 10:30:28.948
645.5078125,2019-11-06 10:30:29.594
654.296875,2019-11-06 10:30:30.248
670.8984375,2019-11-06 10:30:30.919
702.1484375,2019-11-06 10:30:31.621
750.9765625,2019-11-06 10:30:32.372
756.8359375,2019-11-06 10:30:33.129
727.5390625,2019-11-06 10:30:33.856
741.2109375,2019-11-06 10:30:34.597
765.625,2019-11-06 10:30:35.363
753.90625,2019-11-06 10:30:36.117
730.46875,2019-11-06 10:30:36.847
755.859375,2019-11-06 10:30:37.603
797.8515625,2019-11-06 10:30:38.401
818.359375,2019-11-06 10:30:39.219
752.9296875,2019-11-06 10:30:39.972
736.328125,2019-11-06 10:30:40.709
749.0234375,2019-11-06 10:30:41.458
758.7890625,2019-11-06 10:30:42.217
723.6328125,2019-11-06 10:30:42.940
705.078125,2019-11-06 10:30:43.645
726.5625,2019-11-06 10:30:44.372
742.1875,2019-11-06 10:30:45.114
746.09375,2019-11-06 10:30:45.860
743.1640625,2019-11-06 10:30:46.603
783.203125,2019-11-06 10:30:47.386
787.109375,2019-11-06 10:30:48.174
737.3046875,2019-11-06 10:30:48.911
720.703125,2019-11-06 10:30:49.632
740.234375,2019-11-06 10:30:50.372
775.390625,2019-11-06 10:30:51.147
758.7890625,2019-11-06 10:30:51.906
732.421875,2019-11-06 10:30:52.638
766.6015625,2019-11-06 10:30:53.405
794.921875,2019-11-06 10:30:54.200
737.3046875,2019-11-06 10:30:54.937
712.890625,2019-11-06 10:30:55.650
728.515625,2019-11-06 10:30:56.379
742.1875,2019-11-06 10:30:57.121
729.4921875,2019-11-06 10:30:57.850
735.3515625,2019-11-06 10:30:58.586
765.625,2019-11-06 10:30:59.351
818.359375,2019-11-06 10:31:00.170
755.859375,2019-11-06 10:31:00.926
735.3515625,2019-11-06 10:31:01.661
744.140625,2019-11-06 10:31:02.405
753.90625,2019-11-06 10:31:03.159
721.6796875,2019-11-06 10:31:03.881
725.5859375,2019-11-06 10:31:04.606
750.0,2019-11-06 10:31:05.356
770.5078125,2019-11-06 10:31:06.127
735.3515625,2019-11-06 10:31:06.862
742.1875,2019-11-06 10:31:07.604
759.765625,2019-11-06 10:31:08.364
758.7890625,2019-11-06 10:31:09.123
733.3984375,2019-11-06 10:31:09.856
749.0234375,2019-11-06 10:31:10.605
753.90625,2019-11-06 10:31:11.359
747.0703125,2019-11-06 10:31:12.106
721.6796875,2019-11-06 10:31:12.828
733.3984375,2019-11-06 10:31:13.561
716.796875,2019-11-06 10:31:14.278
695.3125,2019-11-06 10:31:14.973
696.2890625,2019-11-06 10:31:15.670
718.75,2019-11-06 10:31:16.388
742.1875,2019-11-06 10:31:17.131
725.5859375,2019-11-06 10:31:17.856
727.5390625,2019-11-06 10:31:18.584
756.8359375,2019-11-06 10:31:19.341
757.8125,2019-11-06 10:31:20.098
697.265625,2019-11-06 10:31:20.796
681.640625,2019-11-06 10:31:21.477
676.7578125,2019-11-06 10:31:22.154
681.640625,2019-11-06 10:31:22.836
678.7109375,2019-11-06 10:31:23.514
651.3671875,2019-11-06 10:31:24.166
633.7890625,2019-11-06 10:31:24.800
637.6953125,2019-11-06 10:31:25.437
659.1796875,2019-11-06 10:31:26.096
684.5703125,2019-11-06 10:31:26.781
681.640625,2019-11-06 10:31:27.463
681.640625,2019-11-06 10:31:28.144
715.8203125,2019-11-06 10:31:28.860
767.578125,2019-11-06 10:31:29.628
796.875,2019-11-06 10:31:30.425
754.8828125,2019-11-06 10:31:31.179
743.1640625,2019-11-06 10:31:31.923
734.375,2019-11-06 10:31:32.657
706.0546875,2019-11-06 10:31:33.363
688.4765625,2019-11-06 10:31:34.052
700.1953125,2019-11-06 10:31:34.752
717.7734375,2019-11-06 10:31:35.469
739.2578125,2019-11-06 10:31:36.209
744.140625,2019-11-06 10:31:36.953
730.46875,2019-11-06 10:31:37.683
728.515625,2019-11-06 10:31:38.412
702.1484375,2019-11-06 10:31:39.114
698.2421875,2019-11-06 10:31:39.812
727.5390625,2019-11-06 10:31:40.540
749.0234375,2019-11-06 10:31:41.289
739.2578125,2019-11-06 10:31:42.028
720.703125,2019-11-06 10:31:42.749
666.9921875,2019-11-06 10:31:43.416
646.484375,2019-11-06 10:31:44.062
660.15625,2019-11-06 10:31:44.722
699.21875,2019-11-06 10:31:45.422
751.953125,2019-11-06 10:31:46.174
772.4609375,2019-11-06 10:31:46.946
722.65625,2019-11-06 10:31:47.669
723.6328125,2019-11-06 10:31:48.392
712.890625,2019-11-06 10:31:49.105
689.453125,2019-11-06 10:31:49.795
685.546875,2019-11-06 10:31:50.480
702.1484375,2019-11-06 10:31:51.182
712.890625,2019-11-06 10:31:51.895
687.5,2019-11-06 10:31:52.583
670.8984375,2019-11-06 10:31:53.254
666.9921875,2019-11-06 10:31:53.921
676.7578125,2019-11-06 10:31:54.597
697.265625,2019-11-06 10:31:55.295
725.5859375,2019-11-06 10:31:56.020
711.9140625,2019-11-06 10:31:56.732
680.6640625,2019-11-06 10:31:57.413
686.5234375,2019-11-06 10:31:58.099
701.171875,2019-11-06 10:31:58.801
700.1953125,2019-11-06 10:31:59.501
687.5,2019-11-06 10:32:00.188
709.9609375,2019-11-06 10:32:00.898
708.0078125,2019-11-06 10:32:01.606
699.21875,2019-11-06 10:32:02.305
685.546875,2019-11-06 10:32:02.991
700.1953125,2019-11-06 10:32:03.691
730.46875,2019-11-06 10:32:04.422
726.5625,2019-11-06 10:32:05.148
692.3828125,2019-11-06 10:32:05.841
696.2890625,2019-11-06 10:32:06.537
714.84375,2019-11-06 10:32:07.252
726.5625,2019-11-06 10:32:07.978
710.9375,2019-11-06 10:32:08.689
721.6796875,2019-11-06 10:32:09.411
723.6328125,2019-11-06 10:32:10.135
708.0078125,2019-11-06 10:32:10.843
706.0546875,2019-11-06 10:32:11.549
733.3984375,2019-11-06 10:32:12.282
736.328125,2019-11-06 10:32:13.018
700.1953125,2019-11-06 10:32:13.719
693.359375,2019-11-06 10:32:14.412
687.5,2019-11-06 10:32:15.099
695.3125,2019-11-06 10:32:15.795
716.796875,2019-11-06 10:32:16.511
742.1875,2019-11-06 10:32:17.254
742.1875,2019-11-06 10:32:17.996
717.7734375,2019-11-06 10:32:18.714
700.1953125,2019-11-06 10:32:19.414
665.0390625,2019-11-06 10:32:20.079
660.15625,2019-11-06 10:32:20.739
655.2734375,2019-11-06 10:32:21.394
645.5078125,2019-11-06 10:32:22.040
646.484375,2019-11-06 10:32:22.686
664.0625,2019-11-06 10:32:23.350
706.0546875,2019-11-06 10:32:24.056
691.40625,2019-11-06 10:32:24.748
674.8046875,2019-11-06 10:32:25.423
690.4296875,2019-11-06 10:32:26.113
718.75,2019-11-06 10:32:26.832
713.8671875,2019-11-06 10:32:27.546
686.5234375,2019-11-06 10:32:28.232
669.921875,2019-11-06 10:32:28.902
676.7578125,2019-11-06 10:32:29.579
694.3359375,2019-11-06 10:32:30.273
701.171875,2019-11-06 10:32:30.974
688.4765625,2019-11-06 10:32:31.663
700.1953125,2019-11-06 10:32:32.363
736.328125,2019-11-06 10:32:33.099
760.7421875,2019-11-06 10:32:33.860
717.7734375,2019-11-06 10:32:34.578
724.609375,2019-11-06 10:32:35.302
764.6484375,2019-11-06 10:32:36.067
744.140625,2019-11-06 10:32:36.811
702.1484375,2019-11-06 10:32:37.513
697.265625,2019-11-06 10:32:38.211
713.8671875,2019-11-06 10:32:38.925
731.4453125,2019-11-06 10:32:39.656
703.125,2019-11-06 10:32:40.359
708.984375,2019-11-06 10:32:41.068
736.328125,2019-11-06 10:32:41.804
780.2734375,2019-11-06 10:32:42.585
750.0,2019-11-06 10:32:43.335
719.7265625,2019-11-06 10:32:44.054
723.6328125,2019-11-06 10:32:44.778
723.6328125,2019-11-06 10:32:45.502
691.40625,2019-11-06 10:32:46.193
680.6640625,2019-11-06 10:32:46.874
669.921875,2019-11-06 10:32:47.544
651.3671875,2019-11-06 10:32:48.195
662.109375,2019-11-06 10:32:48.857
759.765625,2019-11-06 10:32:49.617
768.5546875,2019-11-06 10:32:50.385
712.890625,2019-11-06 10:32:51.098
709.9609375,2019-11-06 10:32:51.808
732.421875,2019-11-06 10:32:52.541
753.90625,2019-11-06 10:32:53.295
731.4453125,2019-11-06 10:32:54.026
709.9609375,2019-11-06 10:32:54.736
729.4921875,2019-11-06 10:32:55.466
737.3046875,2019-11-06 10:32:56.203
718.75,2019-11-06 10:32:56.922
691.40625,2019-11-06 10:32:57.613
695.3125,2019-11-06 10:32:58.308
715.8203125,2019-11-06 10:32:59.024
736.328125,2019-11-06 10:32:59.760
724.609375,2019-11-06 10:33:00.485
721.6796875,2019-11-06 10:33:01.207
722.65625,2019-11-06 10:33:01.929
723.6328125,2019-11-06 10:33:02.653
697.265625,2019-11-06 10:33:03.350
682.6171875,2019-11-06 10:33:04.033
695.3125,2019-11-06 10:33:04.728
714.84375,2019-11-06 10:33:05.443
737.3046875,2019-11-06 10:33:06.180
720.703125,2019-11-06 10:33:06.901
715.8203125,2019-11-06 10:33:07.617
714.84375,2019-11-06 10:33:08.332
706.0546875,2019-11-06 10:33:09.038
692.3828125,2019-11-06 10:33:09.730
708.0078125,2019-11-06 10:33:10.438
736.328125,2019-11-06 10:33:11.175
733.3984375,2019-11-06 10:33:11.908
715.8203125,2019-11-06 10:33:12.624
719.7265625,2019-11-06 10:33:13.343
756.8359375,2019-11-06 10:33:14.100
732.421875,2019-11-06 10:33:14.833
702.1484375,2019-11-06 10:33:15.535
698.2421875,2019-11-06 10:33:16.233
713.8671875,2019-11-06 10:33:16.947
727.5390625,2019-11-06 10:33:17.675
725.5859375,2019-11-06 10:33:18.400
698.2421875,2019-11-06 10:33:19.098
697.265625,2019-11-06 10:33:19.796
720.703125,2019-11-06 10:33:20.516
750.0,2019-11-06 10:33:21.266
709.9609375,2019-11-06 10:33:21.976
690.4296875,2019-11-06 10:33:22.667
694.3359375,2019-11-06 10:33:23.361
688.4765625,2019-11-06 10:33:24.050
702.1484375,2019-11-06 10:33:24.752
687.5,2019-11-06 10:33:25.439
691.40625,2019-11-06 10:33:26.131
711.9140625,2019-11-06 10:33:26.843
738.28125,2019-11-06 10:33:27.581
717.7734375,2019-11-06 10:33:28.299
695.3125,2019-11-06 10:33:28.994
693.359375,2019-11-06 10:33:29.687
670.8984375,2019-11-06 10:33:30.358
643.5546875,2019-11-06 10:33:31.002
644.53125,2019-11-06 10:33:31.646
635.7421875,2019-11-06 10:33:32.282
635.7421875,2019-11-06 10:33:32.918
654.296875,2019-11-06 10:33:33.572
683.59375,2019-11-06 10:33:34.256
700.1953125,2019-11-06 10:33:34.956
671.875,2019-11-06 10:33:35.628
673.828125,2019-11-06 10:33:36.302
677.734375,2019-11-06 10:33:36.979
698.2421875,2019-11-06 10:33:37.677
685.546875,2019-11-06 10:33:38.363
689.453125,2019-11-06 10:33:39.052
705.078125,2019-11-06 10:33:39.758
714.84375,2019-11-06 10:33:40.472
679.6875,2019-11-06 10:33:41.152
666.9921875,2019-11-06 10:33:41.819
666.015625,2019-11-06 10:33:42.485
671.875,2019-11-06 10:33:43.157
670.8984375,2019-11-06 10:33:43.828
666.9921875,2019-11-06 10:33:44.495
695.3125,2019-11-06 10:33:45.190
700.1953125,2019-11-06 10:33:45.890
688.4765625,2019-11-06 10:33:46.579
666.015625,2019-11-06 10:33:47.245
671.875,2019-11-06 10:33:47.917
686.5234375,2019-11-06 10:33:48.603
677.734375,2019-11-06 10:33:49.281
675.78125,2019-11-06 10:33:49.957
703.125,2019-11-06 10:33:50.660
708.984375,2019-11-06 10:33:51.369
682.6171875,2019-11-06 10:33:52.052
667.96875,2019-11-06 10:33:52.719
666.015625,2019-11-06 10:33:53.385
679.6875,2019-11-06 10:33:54.065
688.4765625,2019-11-06 10:33:54.754
679.6875,2019-11-06 10:33:55.433
689.453125,2019-11-06 10:33:56.123
693.359375,2019-11-06 10:33:56.816
667.96875,2019-11-06 10:33:57.484
659.1796875,2019-11-06 10:33:58.143
668.9453125,2019-11-06 10:33:58.812
682.6171875,2019-11-06 10:33:59.495
681.640625,2019-11-06 10:34:00.177
691.40625,2019-11-06 10:34:00.868
695.3125,2019-11-06 10:34:01.563
683.59375,2019-11-06 10:34:02.247
665.0390625,2019-11-06 10:34:02.912
669.921875,2019-11-06 10:34:03.582
675.78125,2019-11-06 10:34:04.258
666.9921875,2019-11-06 10:34:04.925
645.5078125,2019-11-06 10:34:05.570
642.578125,2019-11-06 10:34:06.213
642.578125,2019-11-06 10:34:06.855
651.3671875,2019-11-06 10:34:07.507
667.96875,2019-11-06 10:34:08.175
690.4296875,2019-11-06 10:34:08.865
701.171875,2019-11-06 10:34:09.566
685.546875,2019-11-06 10:34:10.252
647.4609375,2019-11-06 10:34:10.899
627.9296875,2019-11-06 10:34:11.527
616.2109375,2019-11-06 10:34:12.143
602.5390625,2019-11-06 10:34:12.746
595.703125,2019-11-06 10:34:13.342
599.609375,2019-11-06 10:34:13.941
621.09375,2019-11-06 10:34:14.562
651.3671875,2019-11-06 10:34:15.214
638.671875,2019-11-06 10:34:15.852
633.7890625,2019-11-06 10:34:16.486
639.6484375,2019-11-06 10:34:17.126
651.3671875,2019-11-06 10:34:17.777
652.34375,2019-11-06 10:34:18.429
638.671875,2019-11-06 10:34:19.068
631.8359375,2019-11-06 10:34:19.700
640.625,2019-11-06 10:34:20.341
665.0390625,2019-11-06 10:34:21.006
669.921875,2019-11-06 10:34:21.676
645.5078125,2019-11-06 10:34:22.321
636.71875,2019-11-06 10:34:22.958
648.4375,2019-11-06 10:34:23.606
666.9921875,2019-11-06 10:34:24.273
660.15625,2019-11-06 10:34:24.933
643.5546875,2019-11-06 10:34:25.577
655.2734375,2019-11-06 10:34:26.232
668.9453125,2019-11-06 10:34:26.901
689.453125,2019-11-06 10:34:27.591
671.875,2019-11-06 10:34:28.262
653.3203125,2019-11-06 10:34:28.916
656.25,2019-11-06 10:34:29.572
665.0390625,2019-11-06 10:34:30.237
655.2734375,2019-11-06 10:34:30.892
650.390625,2019-11-06 10:34:31.543
648.4375,2019-11-06 10:34:32.191
662.109375,2019-11-06 10:34:32.853
677.734375,2019-11-06 10:34:33.531
679.6875,2019-11-06 10:34:34.211
672.8515625,2019-11-06 10:34:34.884
669.921875,2019-11-06 10:34:35.553
673.828125,2019-11-06 10:34:36.227
683.59375,2019-11-06 10:34:36.911
684.5703125,2019-11-06 10:34:37.595
678.7109375,2019-11-06 10:34:38.274
679.6875,2019-11-06 10:34:38.954
658.203125,2019-11-06 10:34:39.612
648.4375,2019-11-06 10:34:40.260
637.6953125,2019-11-06 10:34:40.898
621.09375,2019-11-06 10:34:41.519
637.6953125,2019-11-06 10:34:42.157
671.875,2019-11-06 10:34:42.829
682.6171875,2019-11-06 10:34:43.511
673.828125,2019-11-06 10:34:44.185
682.6171875,2019-11-06 10:34:44.868
701.171875,2019-11-06 10:34:45.569
697.265625,2019-11-06 10:34:46.266
668.9453125,2019-11-06 10:34:46.935
666.015625,2019-11-06 10:34:47.601
672.8515625,2019-11-06 10:34:48.274
667.96875,2019-11-06 10:34:48.942
650.390625,2019-11-06 10:34:49.593
641.6015625,2019-11-06 10:34:50.234
644.53125,2019-11-06 10:34:50.879
677.734375,2019-11-06 10:34:51.556
705.078125,2019-11-06 10:34:52.261
677.734375,2019-11-06 10:34:52.939
670.8984375,2019-11-06 10:34:53.610
678.7109375,2019-11-06 10:34:54.289
679.6875,2019-11-06 10:34:54.968
662.109375,2019-11-06 10:34:55.631
653.3203125,2019-11-06 10:34:56.284
663.0859375,2019-11-06 10:34:56.947
694.3359375,2019-11-06 10:34:57.641
720.703125,2019-11-06 10:34:58.362
708.0078125,2019-11-06 10:34:59.070
705.078125,2019-11-06 10:34:59.775
709.9609375,2019-11-06 10:35:00.485
708.0078125,2019-11-06 10:35:01.193
679.6875,2019-11-06 10:35:01.873
684.5703125,2019-11-06 10:35:02.557
700.1953125,2019-11-06 10:35:03.258
729.4921875,2019-11-06 10:35:03.987
706.0546875,2019-11-06 10:35:04.693
712.890625,2019-11-06 10:35:05.406
708.984375,2019-11-06 10:35:06.115
687.5,2019-11-06 10:35:06.802
675.78125,2019-11-06 10:35:07.478
679.6875,2019-11-06 10:35:08.158
684.5703125,2019-11-06 10:35:08.843
735.3515625,2019-11-06 10:35:09.578
761.71875,2019-11-06 10:35:10.340
718.75,2019-11-06 10:35:11.058
712.890625,2019-11-06 10:35:11.771
734.375,2019-11-06 10:35:12.506
722.65625,2019-11-06 10:35:13.228
688.4765625,2019-11-06 10:35:13.917
686.5234375,2019-11-06 10:35:14.603
697.265625,2019-11-06 10:35:15.301
693.359375,2019-11-06 10:35:15.994
674.8046875,2019-11-06 10:35:16.669
683.59375,2019-11-06 10:35:17.352
695.3125,2019-11-06 10:35:18.048
732.421875,2019-11-06 10:35:18.780
722.65625,2019-11-06 10:35:19.503
704.1015625,2019-11-06 10:35:20.207
702.1484375,2019-11-06 10:35:20.909
710.9375,2019-11-06 10:35:21.620
674.8046875,2019-11-06 10:35:22.295
653.3203125,2019-11-06 10:35:22.948
647.4609375,2019-11-06 10:35:23.595
642.578125,2019-11-06 10:35:24.238
663.0859375,2019-11-06 10:35:24.901
706.0546875,2019-11-06 10:35:25.607
737.3046875,2019-11-06 10:35:26.344
703.125,2019-11-06 10:35:27.048
662.109375,2019-11-06 10:35:27.710
655.2734375,2019-11-06 10:35:28.365
658.203125,2019-11-06 10:35:29.023
651.3671875,2019-11-06 10:35:29.675
641.6015625,2019-11-06 10:35:30.316
650.390625,2019-11-06 10:35:30.967
677.734375,2019-11-06 10:35:31.644
708.0078125,2019-11-06 10:35:32.352
685.546875,2019-11-06 10:35:33.038
662.109375,2019-11-06 10:35:33.700
654.296875,2019-11-06 10:35:34.354
665.0390625,2019-11-06 10:35:35.019
676.7578125,2019-11-06 10:35:35.696
666.9921875,2019-11-06 10:35:36.363
671.875,2019-11-06 10:35:37.035
695.3125,2019-11-06 10:35:37.730
709.9609375,2019-11-06 10:35:38.440
679.6875,2019-11-06 10:35:39.120
658.203125,2019-11-06 10:35:39.778
659.1796875,2019-11-06 10:35:40.437
667.96875,2019-11-06 10:35:41.105
686.5234375,2019-11-06 10:35:41.792
673.828125,2019-11-06 10:35:42.466
688.4765625,2019-11-06 10:35:43.154
686.5234375,2019-11-06 10:35:43.841
680.6640625,2019-11-06 10:35:44.521
663.0859375,2019-11-06 10:35:45.184
657.2265625,2019-11-06 10:35:45.842
666.9921875,2019-11-06 10:35:46.509
690.4296875,2019-11-06 10:35:47.199
689.453125,2019-11-06 10:35:47.888
680.6640625,2019-11-06 10:35:48.569
670.8984375,2019-11-06 10:35:49.240
670.8984375,2019-11-06 10:35:49.911
655.2734375,2019-11-06 10:35:50.566
627.9296875,2019-11-06 10:35:51.194
620.1171875,2019-11-06 10:35:51.814
634.765625,2019-11-06 10:35:52.449
668.9453125,2019-11-06 10:35:53.118
682.6171875,2019-11-06 10:35:53.801
666.015625,2019-11-06 10:35:54.467
671.875,2019-11-06 10:35:55.138
685.546875,2019-11-06 10:35:55.824
670.8984375,2019-11-06 10:35:56.495
669.921875,2019-11-06 10:35:57.165
677.734375,2019-11-06 10:35:57.843
712.890625,2019-11-06 10:35:58.555
763.671875,2019-11-06 10:35:59.319
760.7421875,2019-11-06 10:36:00.080
727.5390625,2019-11-06 10:36:00.807
717.7734375,2019-11-06 10:36:01.525
709.9609375,2019-11-06 10:36:02.235
668.9453125,2019-11-06 10:36:02.904
633.7890625,2019-11-06 10:36:03.538
624.0234375,2019-11-06 10:36:04.162
617.1875,2019-11-06 10:36:04.779
618.1640625,2019-11-06 10:36:05.397
616.2109375,2019-11-06 10:36:06.013
620.1171875,2019-11-06 10:36:06.634
644.53125,2019-11-06 10:36:07.278
717.7734375,2019-11-06 10:36:07.996
739.2578125,2019-11-06 10:36:08.735
702.1484375,2019-11-06 10:36:09.437
722.65625,2019-11-06 10:36:10.160
741.2109375,2019-11-06 10:36:10.901
728.515625,2019-11-06 10:36:11.630
700.1953125,2019-11-06 10:36:12.330
697.265625,2019-11-06 10:36:13.027
698.2421875,2019-11-06 10:36:13.725
690.4296875,2019-11-06 10:36:14.416
672.8515625,2019-11-06 10:36:15.089
672.8515625,2019-11-06 10:36:15.761
682.6171875,2019-11-06 10:36:16.444
704.1015625,2019-11-06 10:36:17.148
716.796875,2019-11-06 10:36:17.865
681.640625,2019-11-06 10:36:18.547
683.59375,2019-11-06 10:36:19.230
698.2421875,2019-11-06 10:36:19.928
740.234375,2019-11-06 10:36:20.669
730.46875,2019-11-06 10:36:21.399
703.125,2019-11-06 10:36:22.102
685.546875,2019-11-06 10:36:22.788
685.546875,2019-11-06 10:36:23.473
690.4296875,2019-11-06 10:36:24.164
668.9453125,2019-11-06 10:36:24.833
658.203125,2019-11-06 10:36:25.491
677.734375,2019-11-06 10:36:26.169
689.453125,2019-11-06 10:36:26.858
703.125,2019-11-06 10:36:27.561
691.40625,2019-11-06 10:36:28.253
700.1953125,2019-11-06 10:36:28.953
706.0546875,2019-11-06 10:36:29.659
688.4765625,2019-11-06 10:36:30.347
668.9453125,2019-11-06 10:36:31.016
664.0625,2019-11-06 10:36:31.680
663.0859375,2019-11-06 10:36:32.343
654.296875,2019-11-06 10:36:32.998
665.0390625,2019-11-06 10:36:33.663
638.671875,2019-11-06 10:36:34.302
625.9765625,2019-11-06 10:36:34.927
623.046875,2019-11-06 10:36:35.551
645.5078125,2019-11-06 10:36:36.196
673.828125,2019-11-06 10:36:36.870
678.7109375,2019-11-06 10:36:37.549
663.0859375,2019-11-06 10:36:38.212
676.7578125,2019-11-06 10:36:38.888
705.078125,2019-11-06 10:36:39.593
734.375,2019-11-06 10:36:40.328
727.5390625,2019-11-06 10:36:41.055
701.171875,2019-11-06 10:36:41.757
698.2421875,2019-11-06 10:36:42.455
679.6875,2019-11-06 10:36:43.135
656.25,2019-11-06 10:36:43.791
645.5078125,2019-11-06 10:36:44.436
646.484375,2019-11-06 10:36:45.083
649.4140625,2019-11-06 10:36:45.732
662.109375,2019-11-06 10:36:46.394
666.015625,2019-11-06 10:36:47.060
678.7109375,2019-11-06 10:36:47.739
683.59375,2019-11-06 10:36:48.423
677.734375,2019-11-06 10:36:49.100
667.96875,2019-11-06 10:36:49.768
684.5703125,2019-11-06 10:36:50.453
708.0078125,2019-11-06 10:36:51.161
728.515625,2019-11-06 10:36:51.889
724.609375,2019-11-06 10:36:52.614
726.5625,2019-11-06 10:36:53.341
729.4921875,2019-11-06 10:36:54.070
721.6796875,2019-11-06 10:36:54.792
709.9609375,2019-11-06 10:36:55.502
707.03125,2019-11-06 10:36:56.209
698.2421875,2019-11-06 10:36:56.907
683.59375,2019-11-06 10:36:57.591
667.96875,2019-11-06 10:36:58.259
679.6875,2019-11-06 10:36:58.938
698.2421875,2019-11-06 10:36:59.636
712.890625,2019-11-06 10:37:00.349
692.3828125,2019-11-06 10:37:01.042
684.5703125,2019-11-06 10:37:01.726
702.1484375,2019-11-06 10:37:02.428
730.46875,2019-11-06 10:37:03.159
732.421875,2019-11-06 10:37:03.891
718.75,2019-11-06 10:37:04.610
706.0546875,2019-11-06 10:37:05.316
701.171875,2019-11-06 10:37:06.017
671.875,2019-11-06 10:37:06.689
650.390625,2019-11-06 10:37:07.340
645.5078125,2019-11-06 10:37:07.985
649.4140625,2019-11-06 10:37:08.635
656.25,2019-11-06 10:37:09.291
646.484375,2019-11-06 10:37:09.937
632.8125,2019-11-06 10:37:10.570
641.6015625,2019-11-06 10:37:11.212
651.3671875,2019-11-06 10:37:11.863
644.53125,2019-11-06 10:37:12.508
646.484375,2019-11-06 10:37:13.154
658.203125,2019-11-06 10:37:13.812
660.15625,2019-11-06 10:37:14.472
652.34375,2019-11-06 10:37:15.125
657.2265625,2019-11-06 10:37:15.782
663.0859375,2019-11-06 10:37:16.445
667.96875,2019-11-06 10:37:17.113
661.1328125,2019-11-06 10:37:17.774
659.1796875,2019-11-06 10:37:18.433
669.921875,2019-11-06 10:37:19.103
674.8046875,2019-11-06 10:37:19.778
667.96875,2019-11-06 10:37:20.446
675.78125,2019-11-06 10:37:21.122
693.359375,2019-11-06 10:37:21.815
727.5390625,2019-11-06 10:37:22.543
743.1640625,2019-11-06 10:37:23.286
731.4453125,2019-11-06 10:37:24.017
722.65625,2019-11-06 10:37:24.740
696.2890625,2019-11-06 10:37:25.436
732.421875,2019-11-06 10:37:26.169
750.9765625,2019-11-06 10:37:26.920
745.1171875,2019-11-06 10:37:27.665
731.4453125,2019-11-06 10:37:28.396
707.03125,2019-11-06 10:37:29.103
753.90625,2019-11-06 10:37:29.857
765.625,2019-11-06 10:37:30.623
756.8359375,2019-11-06 10:37:31.380
718.75,2019-11-06 10:37:32.098
708.984375,2019-11-06 10:37:32.807
705.078125,2019-11-06 10:37:33.512
675.78125,2019-11-06 10:37:34.188
666.9921875,2019-11-06 10:37:34.855
690.4296875,2019-11-06 10:37:35.546
694.3359375,2019-11-06 10:37:36.240
703.125,2019-11-06 10:37:36.943
670.8984375,2019-11-06 10:37:37.614
677.734375,2019-11-06 10:37:38.292
691.40625,2019-11-06 10:37:38.983
740.234375,2019-11-06 10:37:39.723
782.2265625,2019-11-06 10:37:40.506
732.421875,2019-11-06 10:37:41.238
716.796875,2019-11-06 10:37:41.955
738.28125,2019-11-06 10:37:42.693
747.0703125,2019-11-06 10:37:43.440
732.421875,2019-11-06 10:37:44.173
709.9609375,2019-11-06 10:37:44.883
731.4453125,2019-11-06 10:37:45.614
733.3984375,2019-11-06 10:37:46.347
750.9765625,2019-11-06 10:37:47.098
703.125,2019-11-06 10:37:47.802
696.2890625,2019-11-06 10:37:48.498
696.2890625,2019-11-06 10:37:49.194
681.640625,2019-11-06 10:37:49.876
671.875,2019-11-06 10:37:50.548
669.921875,2019-11-06 10:37:51.218
665.0390625,2019-11-06 10:37:51.883
666.9921875,2019-11-06 10:37:52.550
645.5078125,2019-11-06 10:37:53.195
671.875,2019-11-06 10:37:53.867
704.1015625,2019-11-06 10:37:54.571
679.6875,2019-11-06 10:37:55.251
663.0859375,2019-11-06 10:37:55.914
674.8046875,2019-11-06 10:37:56.589
687.5,2019-11-06 10:37:57.276
671.875,2019-11-06 10:37:57.948
653.3203125,2019-11-06 10:37:58.601
654.296875,2019-11-06 10:37:59.256
664.0625,2019-11-06 10:37:59.920
704.1015625,2019-11-06 10:38:00.624
701.171875,2019-11-06 10:38:01.325
681.640625,2019-11-06 10:38:02.007
675.78125,2019-11-06 10:38:02.682
683.59375,2019-11-06 10:38:03.366
678.7109375,2019-11-06 10:38:04.045
654.296875,2019-11-06 10:38:04.699
650.390625,2019-11-06 10:38:05.349
663.0859375,2019-11-06 10:38:06.012
700.1953125,2019-11-06 10:38:06.713
715.8203125,2019-11-06 10:38:07.428
690.4296875,2019-11-06 10:38:08.119
690.4296875,2019-11-06 10:38:08.809
705.078125,2019-11-06 10:38:09.514
704.1015625,2019-11-06 10:38:10.218
674.8046875,2019-11-06 10:38:10.893
679.6875,2019-11-06 10:38:11.573
699.21875,2019-11-06 10:38:12.272
709.9609375,2019-11-06 10:38:12.982
691.40625,2019-11-06 10:38:13.674
673.828125,2019-11-06 10:38:14.347
680.6640625,2019-11-06 10:38:15.028
693.359375,2019-11-06 10:38:15.721
666.015625,2019-11-06 10:38:16.387
666.015625,2019-11-06 10:38:17.053
688.4765625,2019-11-06 10:38:17.742
717.7734375,2019-11-06 10:38:18.460
689.453125,2019-11-06 10:38:19.149
681.640625,2019-11-06 10:38:19.831
681.640625,2019-11-06 10:38:20.512
673.828125,2019-11-06 10:38:21.186
644.53125,2019-11-06 10:38:21.831
635.7421875,2019-11-06 10:38:22.467
625.9765625,2019-11-06 10:38:23.093
617.1875,2019-11-06 10:38:23.710
645.5078125,2019-11-06 10:38:24.355
712.890625,2019-11-06 10:38:25.068
734.375,2019-11-06 10:38:25.802
708.984375,2019-11-06 10:38:26.511
720.703125,2019-11-06 10:38:27.232
732.421875,2019-11-06 10:38:27.965
749.0234375,2019-11-06 10:38:28.714
711.9140625,2019-11-06 10:38:29.426
672.8515625,2019-11-06 10:38:30.098
654.296875,2019-11-06 10:38:30.753
635.7421875,2019-11-06 10:38:31.388
638.671875,2019-11-06 10:38:32.027
659.1796875,2019-11-06 10:38:32.686
679.6875,2019-11-06 10:38:33.366
679.6875,2019-11-06 10:38:34.046
662.109375,2019-11-06 10:38:34.708
636.71875,2019-11-06 10:38:35.344
621.09375,2019-11-06 10:38:35.966
604.4921875,2019-11-06 10:38:36.570
600.5859375,2019-11-06 10:38:37.171
596.6796875,2019-11-06 10:38:37.767
596.6796875,2019-11-06 10:38:38.364
607.421875,2019-11-06 10:38:38.971
646.484375,2019-11-06 10:38:39.618
731.4453125,2019-11-06 10:38:40.349
729.4921875,2019-11-06 10:38:41.079
703.125,2019-11-06 10:38:41.782
708.984375,2019-11-06 10:38:42.491
737.3046875,2019-11-06 10:38:43.228
748.046875,2019-11-06 10:38:43.976
701.171875,2019-11-06 10:38:44.677
696.2890625,2019-11-06 10:38:45.374
743.1640625,2019-11-06 10:38:46.117
781.25,2019-11-06 10:38:46.898
734.375,2019-11-06 10:38:47.633
722.65625,2019-11-06 10:38:48.355
746.09375,2019-11-06 10:38:49.101
806.640625,2019-11-06 10:38:49.908
733.3984375,2019-11-06 10:38:50.641
711.9140625,2019-11-06 10:38:51.353
724.609375,2019-11-06 10:38:52.078
731.4453125,2019-11-06 10:38:52.809
703.125,2019-11-06 10:38:53.512
708.0078125,2019-11-06 10:38:54.220
716.796875,2019-11-06 10:38:54.937
742.1875,2019-11-06 10:38:55.679
742.1875,2019-11-06 10:38:56.422
713.8671875,2019-11-06 10:38:57.135
722.65625,2019-11-06 10:38:57.858
755.859375,2019-11-06 10:38:58.614
752.9296875,2019-11-06 10:38:59.367
712.890625,2019-11-06 10:39:00.080
694.3359375,2019-11-06 10:39:00.774
708.984375,2019-11-06 10:39:01.483
725.5859375,2019-11-06 10:39:02.209
727.5390625,2019-11-06 10:39:02.936
696.2890625,2019-11-06 10:39:03.633
708.984375,2019-11-06 10:39:04.342
726.5625,2019-11-06 10:39:05.068
740.234375,2019-11-06 10:39:05.808
711.9140625,2019-11-06 10:39:06.520
693.359375,2019-11-06 10:39:07.214
702.1484375,2019-11-06 10:39:07.916
708.0078125,2019-11-06 10:39:08.624
673.828125,2019-11-06 10:39:09.298
658.203125,2019-11-06 10:39:09.956
653.3203125,2019-11-06 10:39:10.609
656.25,2019-11-06 10:39:11.265
670.8984375,2019-11-06 10:39:11.936
659.1796875,2019-11-06 10:39:12.595
653.3203125,2019-11-06 10:39:13.249
660.15625,2019-11-06 10:39:13.909
653.3203125,2019-11-06 10:39:14.562
655.2734375,2019-11-06 10:39:15.218
673.828125,2019-11-06 10:39:15.891
695.3125,2019-11-06 10:39:16.587
730.46875,2019-11-06 10:39:17.317
714.84375,2019-11-06 10:39:18.032
710.9375,2019-11-06 10:39:18.743
698.2421875,2019-11-06 10:39:19.441
680.6640625,2019-11-06 10:39:20.122
655.2734375,2019-11-06 10:39:20.777
649.4140625,2019-11-06 10:39:21.427
655.2734375,2019-11-06 10:39:22.082
664.0625,2019-11-06 10:39:22.746
666.015625,2019-11-06 10:39:23.412
706.0546875,2019-11-06 10:39:24.118
716.796875,2019-11-06 10:39:24.835
737.3046875,2019-11-06 10:39:25.572
746.09375,2019-11-06 10:39:26.318
697.265625,2019-11-06 10:39:27.015
695.3125,2019-11-06 10:39:27.711
709.9609375,2019-11-06 10:39:28.421
722.65625,2019-11-06 10:39:29.143
732.421875,2019-11-06 10:39:29.876
689.453125,2019-11-06 10:39:30.565
683.59375,2019-11-06 10:39:31.249
683.59375,2019-11-06 10:39:31.932
697.265625,2019-11-06 10:39:32.630
680.6640625,2019-11-06 10:39:33.310
693.359375,2019-11-06 10:39:34.004
718.75,2019-11-06 10:39:34.722
712.890625,2019-11-06 10:39:35.435
686.5234375,2019-11-06 10:39:36.122
684.5703125,2019-11-06 10:39:36.806
692.3828125,2019-11-06 10:39:37.499
715.8203125,2019-11-06 10:39:38.215
724.609375,2019-11-06 10:39:38.939
717.7734375,2019-11-06 10:39:39.657
734.375,2019-11-06 10:39:40.391
737.3046875,2019-11-06 10:39:41.129
727.5390625,2019-11-06 10:39:41.856
709.9609375,2019-11-06 10:39:42.566
718.75,2019-11-06 10:39:43.285
733.3984375,2019-11-06 10:39:44.018
771.484375,2019-11-06 10:39:44.790
723.6328125,2019-11-06 10:39:45.513
702.1484375,2019-11-06 10:39:46.216
701.171875,2019-11-06 10:39:46.917
704.1015625,2019-11-06 10:39:47.621
673.828125,2019-11-06 10:39:48.295
654.296875,2019-11-06 10:39:48.949
683.59375,2019-11-06 10:39:49.633
732.421875,2019-11-06 10:39:50.365
755.859375,2019-11-06 10:39:51.121
756.8359375,2019-11-06 10:39:51.878
774.4140625,2019-11-06 10:39:52.652
759.765625,2019-11-06 10:39:53.412
740.234375,2019-11-06 10:39:54.152
735.3515625,2019-11-06 10:39:54.887
732.421875,2019-11-06 10:39:55.620
701.171875,2019-11-06 10:39:56.321
691.40625,2019-11-06 10:39:57.012
712.890625,2019-11-06 10:39:57.725
720.703125,2019-11-06 10:39:58.446
735.3515625,2019-11-06 10:39:59.181
709.9609375,2019-11-06 10:39:59.891
696.2890625,2019-11-06 10:40:00.588
712.890625,2019-11-06 10:40:01.301
743.1640625,2019-11-06 10:40:02.044
709.9609375,2019-11-06 10:40:02.754
677.734375,2019-11-06 10:40:03.431
675.78125,2019-11-06 10:40:04.107
662.109375,2019-11-06 10:40:04.769
642.578125,2019-11-06 10:40:05.412
623.046875,2019-11-06 10:40:06.035
624.0234375,2019-11-06 10:40:06.659
635.7421875,2019-11-06 10:40:07.295
652.34375,2019-11-06 10:40:07.947
686.5234375,2019-11-06 10:40:08.634
693.359375,2019-11-06 10:40:09.327
681.640625,2019-11-06 10:40:10.009
657.2265625,2019-11-06 10:40:10.666
644.53125,2019-11-06 10:40:11.310
647.4609375,2019-11-06 10:40:11.958
678.7109375,2019-11-06 10:40:12.636
724.609375,2019-11-06 10:40:13.361
743.1640625,2019-11-06 10:40:14.104
743.1640625,2019-11-06 10:40:14.847
707.03125,2019-11-06 10:40:15.554
705.078125,2019-11-06 10:40:16.260
713.8671875,2019-11-06 10:40:16.973
699.21875,2019-11-06 10:40:17.673
666.015625,2019-11-06 10:40:18.339
660.15625,2019-11-06 10:40:18.999
666.9921875,2019-11-06 10:40:19.666
676.7578125,2019-11-06 10:40:20.343
663.0859375,2019-11-06 10:40:21.006
678.7109375,2019-11-06 10:40:21.684
688.4765625,2019-11-06 10:40:22.373
678.7109375,2019-11-06 10:40:23.052
660.15625,2019-11-06 10:40:23.712
670.8984375,2019-11-06 10:40:24.383
684.5703125,2019-11-06 10:40:25.067
705.078125,2019-11-06 10:40:25.772
693.359375,2019-11-06 10:40:26.466
685.546875,2019-11-06 10:40:27.151
714.84375,2019-11-06 10:40:27.866
724.609375,2019-11-06 10:40:28.591
705.078125,2019-11-06 10:40:29.296
682.6171875,2019-11-06 10:40:29.978
673.828125,2019-11-06 10:40:30.652
681.640625,2019-11-06 10:40:31.334
677.734375,2019-11-06 10:40:32.011
665.0390625,2019-11-06 10:40:32.677
684.5703125,2019-11-06 10:40:33.361
705.078125,2019-11-06 10:40:34.066
697.265625,2019-11-06 10:40:34.763
675.78125,2019-11-06 10:40:35.439
667.96875,2019-11-06 10:40:36.107
674.8046875,2019-11-06 10:40:36.782
685.546875,2019-11-06 10:40:37.468
665.0390625,2019-11-06 10:40:38.133
670.8984375,2019-11-06 10:40:38.803
691.40625,2019-11-06 10:40:39.495
710.9375,2019-11-06 10:40:40.206
675.78125,2019-11-06 10:40:40.882
665.0390625,2019-11-06 10:40:41.547
641.6015625,2019-11-06 10:40:42.188
656.25,2019-11-06 10:40:42.844
677.734375,2019-11-06 10:40:43.522
692.3828125,2019-11-06 10:40:44.215
701.171875,2019-11-06 10:40:44.916
706.0546875,2019-11-06 10:40:45.622
698.2421875,2019-11-06 10:40:46.320
672.8515625,2019-11-06 10:40:46.993
675.78125,2019-11-06 10:40:47.669
690.4296875,2019-11-06 10:40:48.359
714.84375,2019-11-06 10:40:49.074
728.515625,2019-11-06 10:40:49.802
708.0078125,2019-11-06 10:40:50.510
711.9140625,2019-11-06 10:40:51.222
731.4453125,2019-11-06 10:40:51.954
768.5546875,2019-11-06 10:40:52.722
720.703125,2019-11-06 10:40:53.443
708.984375,2019-11-06 10:40:54.152
696.2890625,2019-11-06 10:40:54.848
704.1015625,2019-11-06 10:40:55.552
682.6171875,2019-11-06 10:40:56.235
669.921875,2019-11-06 10:40:56.905
676.7578125,2019-11-06 10:40:57.582
689.453125,2019-11-06 10:40:58.271
729.4921875,2019-11-06 10:40:59.001
708.0078125,2019-11-06 10:40:59.709
690.4296875,2019-11-06 10:41:00.399
709.9609375,2019-11-06 10:41:01.109
724.609375,2019-11-06 10:41:01.834
711.9140625,2019-11-06 10:41:02.546
687.5,2019-11-06 10:41:03.233
690.4296875,2019-11-06 10:41:03.924
696.2890625,2019-11-06 10:41:04.620
695.3125,2019-11-06 10:41:05.315
677.734375,2019-11-06 10:41:05.993
684.5703125,2019-11-06 10:41:06.677
704.1015625,2019-11-06 10:41:07.382
723.6328125,2019-11-06 10:41:08.105
697.265625,2019-11-06 10:41:08.802
679.6875,2019-11-06 10:41:09.482
676.7578125,2019-11-06 10:41:10.159
654.296875,2019-11-06 10:41:10.813
654.296875,2019-11-06 10:41:11.468
663.0859375,2019-11-06 10:41:12.131
685.546875,2019-11-06 10:41:12.816
727.5390625,2019-11-06 10:41:13.544
737.3046875,2019-11-06 10:41:14.281
707.03125,2019-11-06 10:41:14.988
671.875,2019-11-06 10:41:15.660
662.109375,2019-11-06 10:41:16.322
666.9921875,2019-11-06 10:41:16.989
661.1328125,2019-11-06 10:41:17.650
660.15625,2019-11-06 10:41:18.310
682.6171875,2019-11-06 10:41:18.993
726.5625,2019-11-06 10:41:19.719
718.75,2019-11-06 10:41:20.438
677.734375,2019-11-06 10:41:21.116
664.0625,2019-11-06 10:41:21.780
673.828125,2019-11-06 10:41:22.454
687.5,2019-11-06 10:41:23.141
700.1953125,2019-11-06 10:41:23.842
683.59375,2019-11-06 10:41:24.525
689.453125,2019-11-06 10:41:25.215
693.359375,2019-11-06 10:41:25.908
682.6171875,2019-11-06 10:41:26.591
666.9921875,2019-11-06 10:41:27.258
659.1796875,2019-11-06 10:41:27.917
676.7578125,2019-11-06 10:41:28.593
696.2890625,2019-11-06 10:41:29.290
711.9140625,2019-11-06 10:41:30.002
687.5,2019-11-06 10:41:30.689
682.6171875,2019-11-06 10:41:31.372
691.40625,2019-11-06 10:41:32.063
678.7109375,2019-11-06 10:41:32.742
673.828125,2019-11-06 10:41:33.416
686.5234375,2019-11-06 10:41:34.102
722.65625,2019-11-06 10:41:34.825
725.5859375,2019-11-06 10:41:35.551
686.5234375,2019-11-06 10:41:36.237
677.734375,2019-11-06 10:41:36.915
679.6875,2019-11-06 10:41:37.594
693.359375,2019-11-06 10:41:38.288
